Simulation,Predicted Price,Average Return,Log Return,Simple Return
1,147.462,0.0100744,-0.00715804,-0.00713248
2,145.255,0.0100744,-0.00715804,-0.00713248
3,145.023,0.0100744,-0.00715804,-0.00713248
4,144.961,0.0100744,-0.00715804,-0.00713248
5,146.577,0.0100744,-0.00715804,-0.00713248
6,145.925,0.0100744,-0.00715804,-0.00713248
7,144.866,0.0100744,-0.00715804,-0.00713248
8,144.685,0.0100744,-0.00715804,-0.00713248
9,146.162,0.0100744,-0.00715804,-0.00713248
10,146.055,0.0100744,-0.00715804,-0.00713248
11,145.029,0.0100744,-0.00715804,-0.00713248
12,147.475,0.0100744,-0.00715804,-0.00713248
13,146.494,0.0100744,-0.00715804,-0.00713248
14,146.946,0.0100744,-0.00715804,-0.00713248
15,144.119,0.0100744,-0.00715804,-0.00713248
16,146.055,0.0100744,-0.00715804,-0.00713248
17,147.293,0.0100744,-0.00715804,-0.00713248
18,145.457,0.0100744,-0.00715804,-0.00713248
19,144.448,0.0100744,-0.00715804,-0.00713248
20,144.235,0.0100744,-0.00715804,-0.00713248
21,144.904,0.0100744,-0.00715804,-0.00713248
22,144.967,0.0100744,-0.00715804,-0.00713248
23,146.951,0.0100744,-0.00715804,-0.00713248
24,145.407,0.0100744,-0.00715804,-0.00713248
25,147.487,0.0100744,-0.00715804,-0.00713248
26,146.495,0.0100744,-0.00715804,-0.00713248
27,146.691,0.0100744,-0.00715804,-0.00713248
28,144.843,0.0100744,-0.00715804,-0.00713248
29,146.444,0.0100744,-0.00715804,-0.00713248
30,147.042,0.0100744,-0.00715804,-0.00713248
31,147.485,0.0100744,-0.00715804,-0.00713248
32,146.409,0.0100744,-0.00715804,-0.00713248
33,144.806,0.0100744,-0.00715804,-0.00713248
34,145.011,0.0100744,-0.00715804,-0.00713248
35,147.294,0.0100744,-0.00715804,-0.00713248
36,147.305,0.0100744,-0.00715804,-0.00713248
37,146.857,0.0100744,-0.00715804,-0.00713248
38,144.666,0.0100744,-0.00715804,-0.00713248
39,144.496,0.0100744,-0.00715804,-0.00713248
40,145.527,0.0100744,-0.00715804,-0.00713248
41,146.638,0.0100744,-0.00715804,-0.00713248
42,145.437,0.0100744,-0.00715804,-0.00713248
43,145.505,0.0100744,-0.00715804,-0.00713248
44,145.64,0.0100744,-0.00715804,-0.00713248
45,144.893,0.0100744,-0.00715804,-0.00713248
46,145.534,0.0100744,-0.00715804,-0.00713248
47,144.216,0.0100744,-0.00715804,-0.00713248
48,144.692,0.0100744,-0.00715804,-0.00713248
49,146.914,0.0100744,-0.00715804,-0.00713248
50,144.574,0.0100744,-0.00715804,-0.00713248
51,144.837,0.0100744,-0.00715804,-0.00713248
52,144.331,0.0100744,-0.00715804,-0.00713248
53,145.454,0.0100744,-0.00715804,-0.00713248
54,144.301,0.0100744,-0.00715804,-0.00713248
55,145.649,0.0100744,-0.00715804,-0.00713248
56,145.443,0.0100744,-0.00715804,-0.00713248
57,146.709,0.0100744,-0.00715804,-0.00713248
58,144.853,0.0100744,-0.00715804,-0.00713248
59,146.203,0.0100744,-0.00715804,-0.00713248
60,145.661,0.0100744,-0.00715804,-0.00713248
61,144.405,0.0100744,-0.00715804,-0.00713248
62,146.191,0.0100744,-0.00715804,-0.00713248
63,144.586,0.0100744,-0.00715804,-0.00713248
64,145.123,0.0100744,-0.00715804,-0.00713248
65,147.125,0.0100744,-0.00715804,-0.00713248
66,144.387,0.0100744,-0.00715804,-0.00713248
67,144.933,0.0100744,-0.00715804,-0.00713248
68,146.486,0.0100744,-0.00715804,-0.00713248
69,144.963,0.0100744,-0.00715804,-0.00713248
70,145.341,0.0100744,-0.00715804,-0.00713248
71,144.53,0.0100744,-0.00715804,-0.00713248
72,144.118,0.0100744,-0.00715804,-0.00713248
73,146.699,0.0100744,-0.00715804,-0.00713248
74,145.949,0.0100744,-0.00715804,-0.00713248
75,145.669,0.0100744,-0.00715804,-0.00713248
76,144.108,0.0100744,-0.00715804,-0.00713248
77,147.411,0.0100744,-0.00715804,-0.00713248
78,145.796,0.0100744,-0.00715804,-0.00713248
79,144.71,0.0100744,-0.00715804,-0.00713248
80,146.827,0.0100744,-0.00715804,-0.00713248
81,146.285,0.0100744,-0.00715804,-0.00713248
82,145.46,0.0100744,-0.00715804,-0.00713248
83,147.072,0.0100744,-0.00715804,-0.00713248
84,144.259,0.0100744,-0.00715804,-0.00713248
85,145.672,0.0100744,-0.00715804,-0.00713248
86,145.229,0.0100744,-0.00715804,-0.00713248
87,145.613,0.0100744,-0.00715804,-0.00713248
88,144.893,0.0100744,-0.00715804,-0.00713248
89,145.998,0.0100744,-0.00715804,-0.00713248
90,144.334,0.0100744,-0.00715804,-0.00713248
91,146.473,0.0100744,-0.00715804,-0.00713248
92,146.317,0.0100744,-0.00715804,-0.00713248
93,146.438,0.0100744,-0.00715804,-0.00713248
94,146.977,0.0100744,-0.00715804,-0.00713248
95,147.365,0.0100744,-0.00715804,-0.00713248
96,146.068,0.0100744,-0.00715804,-0.00713248
97,147.279,0.0100744,-0.00715804,-0.00713248
98,144.803,0.0100744,-0.00715804,-0.00713248
99,145.067,0.0100744,-0.00715804,-0.00713248
100,144.749,0.0100744,-0.00715804,-0.00713248
101,146.059,0.0100744,-0.00715804,-0.00713248
102,145.509,0.0100744,-0.00715804,-0.00713248
103,144.777,0.0100744,-0.00715804,-0.00713248
104,145.268,0.0100744,-0.00715804,-0.00713248
105,147.386,0.0100744,-0.00715804,-0.00713248
106,146.362,0.0100744,-0.00715804,-0.00713248
107,145.286,0.0100744,-0.00715804,-0.00713248
108,147.299,0.0100744,-0.00715804,-0.00713248
109,144.674,0.0100744,-0.00715804,-0.00713248
110,145.911,0.0100744,-0.00715804,-0.00713248
111,146.629,0.0100744,-0.00715804,-0.00713248
112,146.878,0.0100744,-0.00715804,-0.00713248
113,147.298,0.0100744,-0.00715804,-0.00713248
114,146.207,0.0100744,-0.00715804,-0.00713248
115,147.049,0.0100744,-0.00715804,-0.00713248
116,145.475,0.0100744,-0.00715804,-0.00713248
117,147.362,0.0100744,-0.00715804,-0.00713248
118,145.17,0.0100744,-0.00715804,-0.00713248
119,146.285,0.0100744,-0.00715804,-0.00713248
120,145.864,0.0100744,-0.00715804,-0.00713248
121,145.416,0.0100744,-0.00715804,-0.00713248
122,145.269,0.0100744,-0.00715804,-0.00713248
123,144.696,0.0100744,-0.00715804,-0.00713248
124,144.372,0.0100744,-0.00715804,-0.00713248
125,144.756,0.0100744,-0.00715804,-0.00713248
126,144.566,0.0100744,-0.00715804,-0.00713248
127,146.353,0.0100744,-0.00715804,-0.00713248
128,144.541,0.0100744,-0.00715804,-0.00713248
129,145.28,0.0100744,-0.00715804,-0.00713248
130,147.345,0.0100744,-0.00715804,-0.00713248
131,145.202,0.0100744,-0.00715804,-0.00713248
132,147.265,0.0100744,-0.00715804,-0.00713248
133,145.358,0.0100744,-0.00715804,-0.00713248
134,145.893,0.0100744,-0.00715804,-0.00713248
135,145.039,0.0100744,-0.00715804,-0.00713248
136,145.248,0.0100744,-0.00715804,-0.00713248
137,144.77,0.0100744,-0.00715804,-0.00713248
138,146.243,0.0100744,-0.00715804,-0.00713248
139,145.052,0.0100744,-0.00715804,-0.00713248
140,145.356,0.0100744,-0.00715804,-0.00713248
141,144.67,0.0100744,-0.00715804,-0.00713248
142,144.198,0.0100744,-0.00715804,-0.00713248
143,144.745,0.0100744,-0.00715804,-0.00713248
144,144.474,0.0100744,-0.00715804,-0.00713248
145,146.316,0.0100744,-0.00715804,-0.00713248
146,144.305,0.0100744,-0.00715804,-0.00713248
147,145.862,0.0100744,-0.00715804,-0.00713248
148,146.182,0.0100744,-0.00715804,-0.00713248
149,145.386,0.0100744,-0.00715804,-0.00713248
150,144.663,0.0100744,-0.00715804,-0.00713248
151,144.563,0.0100744,-0.00715804,-0.00713248
152,146.724,0.0100744,-0.00715804,-0.00713248
153,145.846,0.0100744,-0.00715804,-0.00713248
154,145.17,0.0100744,-0.00715804,-0.00713248
155,147.01,0.0100744,-0.00715804,-0.00713248
156,146.519,0.0100744,-0.00715804,-0.00713248
157,145.649,0.0100744,-0.00715804,-0.00713248
158,145.87,0.0100744,-0.00715804,-0.00713248
159,146.978,0.0100744,-0.00715804,-0.00713248
160,146.852,0.0100744,-0.00715804,-0.00713248
161,145.719,0.0100744,-0.00715804,-0.00713248
162,144.69,0.0100744,-0.00715804,-0.00713248
163,146.621,0.0100744,-0.00715804,-0.00713248
164,147.001,0.0100744,-0.00715804,-0.00713248
165,146.5,0.0100744,-0.00715804,-0.00713248
166,144.177,0.0100744,-0.00715804,-0.00713248
167,144.759,0.0100744,-0.00715804,-0.00713248
168,147.192,0.0100744,-0.00715804,-0.00713248
169,146.331,0.0100744,-0.00715804,-0.00713248
170,145.726,0.0100744,-0.00715804,-0.00713248
171,145.055,0.0100744,-0.00715804,-0.00713248
172,146.919,0.0100744,-0.00715804,-0.00713248
173,145.835,0.0100744,-0.00715804,-0.00713248
174,145.714,0.0100744,-0.00715804,-0.00713248
175,147.31,0.0100744,-0.00715804,-0.00713248
176,144.667,0.0100744,-0.00715804,-0.00713248
177,145.931,0.0100744,-0.00715804,-0.00713248
178,145.676,0.0100744,-0.00715804,-0.00713248
179,146.767,0.0100744,-0.00715804,-0.00713248
180,147.244,0.0100744,-0.00715804,-0.00713248
181,146.255,0.0100744,-0.00715804,-0.00713248
182,147.248,0.0100744,-0.00715804,-0.00713248
183,146.472,0.0100744,-0.00715804,-0.00713248
184,144.617,0.0100744,-0.00715804,-0.00713248
185,144.925,0.0100744,-0.00715804,-0.00713248
186,145.988,0.0100744,-0.00715804,-0.00713248
187,147.055,0.0100744,-0.00715804,-0.00713248
188,146.493,0.0100744,-0.00715804,-0.00713248
189,144.377,0.0100744,-0.00715804,-0.00713248
190,146.537,0.0100744,-0.00715804,-0.00713248
191,145.852,0.0100744,-0.00715804,-0.00713248
192,146.008,0.0100744,-0.00715804,-0.00713248
193,147.146,0.0100744,-0.00715804,-0.00713248
194,144.985,0.0100744,-0.00715804,-0.00713248
195,145.517,0.0100744,-0.00715804,-0.00713248
196,146.152,0.0100744,-0.00715804,-0.00713248
197,145.072,0.0100744,-0.00715804,-0.00713248
198,146.193,0.0100744,-0.00715804,-0.00713248
199,145.849,0.0100744,-0.00715804,-0.00713248
200,147.327,0.0100744,-0.00715804,-0.00713248
201,144.436,0.0100744,-0.00715804,-0.00713248
202,146.825,0.0100744,-0.00715804,-0.00713248
203,146.75,0.0100744,-0.00715804,-0.00713248
204,146.185,0.0100744,-0.00715804,-0.00713248
205,145.049,0.0100744,-0.00715804,-0.00713248
206,146.563,0.0100744,-0.00715804,-0.00713248
207,146.77,0.0100744,-0.00715804,-0.00713248
208,146.902,0.0100744,-0.00715804,-0.00713248
209,144.754,0.0100744,-0.00715804,-0.00713248
210,146.043,0.0100744,-0.00715804,-0.00713248
211,146.65,0.0100744,-0.00715804,-0.00713248
212,146.928,0.0100744,-0.00715804,-0.00713248
213,145.796,0.0100744,-0.00715804,-0.00713248
214,145.63,0.0100744,-0.00715804,-0.00713248
215,147.465,0.0100744,-0.00715804,-0.00713248
216,146.64,0.0100744,-0.00715804,-0.00713248
217,144.139,0.0100744,-0.00715804,-0.00713248
218,147.022,0.0100744,-0.00715804,-0.00713248
219,145.641,0.0100744,-0.00715804,-0.00713248
220,144.426,0.0100744,-0.00715804,-0.00713248
221,146.064,0.0100744,-0.00715804,-0.00713248
222,147.422,0.0100744,-0.00715804,-0.00713248
223,146.348,0.0100744,-0.00715804,-0.00713248
224,145.717,0.0100744,-0.00715804,-0.00713248
225,144.91,0.0100744,-0.00715804,-0.00713248
226,144.383,0.0100744,-0.00715804,-0.00713248
227,144.387,0.0100744,-0.00715804,-0.00713248
228,145.897,0.0100744,-0.00715804,-0.00713248
229,146.49,0.0100744,-0.00715804,-0.00713248
230,146.149,0.0100744,-0.00715804,-0.00713248
231,145.729,0.0100744,-0.00715804,-0.00713248
232,146.841,0.0100744,-0.00715804,-0.00713248
233,145.482,0.0100744,-0.00715804,-0.00713248
234,144.99,0.0100744,-0.00715804,-0.00713248
235,145.534,0.0100744,-0.00715804,-0.00713248
236,146.45,0.0100744,-0.00715804,-0.00713248
237,147.479,0.0100744,-0.00715804,-0.00713248
238,144.816,0.0100744,-0.00715804,-0.00713248
239,145.859,0.0100744,-0.00715804,-0.00713248
240,144.735,0.0100744,-0.00715804,-0.00713248
241,146.779,0.0100744,-0.00715804,-0.00713248
242,145.021,0.0100744,-0.00715804,-0.00713248
243,144.176,0.0100744,-0.00715804,-0.00713248
244,145.085,0.0100744,-0.00715804,-0.00713248
245,146.57,0.0100744,-0.00715804,-0.00713248
246,144.144,0.0100744,-0.00715804,-0.00713248
247,144.242,0.0100744,-0.00715804,-0.00713248
248,146.62,0.0100744,-0.00715804,-0.00713248
249,147.077,0.0100744,-0.00715804,-0.00713248
250,145.795,0.0100744,-0.00715804,-0.00713248
251,146.961,0.0100744,-0.00715804,-0.00713248
252,145.648,0.0100744,-0.00715804,-0.00713248
253,145.72,0.0100744,-0.00715804,-0.00713248
254,145.816,0.0100744,-0.00715804,-0.00713248
255,147.292,0.0100744,-0.00715804,-0.00713248
256,146.549,0.0100744,-0.00715804,-0.00713248
257,146.112,0.0100744,-0.00715804,-0.00713248
258,144.186,0.0100744,-0.00715804,-0.00713248
259,144.959,0.0100744,-0.00715804,-0.00713248
260,145.113,0.0100744,-0.00715804,-0.00713248
261,146.246,0.0100744,-0.00715804,-0.00713248
262,146.607,0.0100744,-0.00715804,-0.00713248
263,144.468,0.0100744,-0.00715804,-0.00713248
264,144.247,0.0100744,-0.00715804,-0.00713248
265,144.115,0.0100744,-0.00715804,-0.00713248
266,145.915,0.0100744,-0.00715804,-0.00713248
267,146.61,0.0100744,-0.00715804,-0.00713248
268,144.097,0.0100744,-0.00715804,-0.00713248
269,146.651,0.0100744,-0.00715804,-0.00713248
270,144.981,0.0100744,-0.00715804,-0.00713248
271,144.741,0.0100744,-0.00715804,-0.00713248
272,145.936,0.0100744,-0.00715804,-0.00713248
273,145.918,0.0100744,-0.00715804,-0.00713248
274,144.828,0.0100744,-0.00715804,-0.00713248
275,146.943,0.0100744,-0.00715804,-0.00713248
276,145.001,0.0100744,-0.00715804,-0.00713248
277,144.882,0.0100744,-0.00715804,-0.00713248
278,147.098,0.0100744,-0.00715804,-0.00713248
279,144.138,0.0100744,-0.00715804,-0.00713248
280,144.469,0.0100744,-0.00715804,-0.00713248
281,145.4,0.0100744,-0.00715804,-0.00713248
282,147.01,0.0100744,-0.00715804,-0.00713248
283,146.031,0.0100744,-0.00715804,-0.00713248
284,147.044,0.0100744,-0.00715804,-0.00713248
285,145.333,0.0100744,-0.00715804,-0.00713248
286,145.828,0.0100744,-0.00715804,-0.00713248
287,146.098,0.0100744,-0.00715804,-0.00713248
288,147.372,0.0100744,-0.00715804,-0.00713248
289,145.924,0.0100744,-0.00715804,-0.00713248
290,146.978,0.0100744,-0.00715804,-0.00713248
291,144.99,0.0100744,-0.00715804,-0.00713248
292,144.686,0.0100744,-0.00715804,-0.00713248
293,146.091,0.0100744,-0.00715804,-0.00713248
294,145.37,0.0100744,-0.00715804,-0.00713248
295,144.843,0.0100744,-0.00715804,-0.00713248
296,146.116,0.0100744,-0.00715804,-0.00713248
297,147.211,0.0100744,-0.00715804,-0.00713248
298,147.376,0.0100744,-0.00715804,-0.00713248
299,146.123,0.0100744,-0.00715804,-0.00713248
300,146.366,0.0100744,-0.00715804,-0.00713248
301,144.862,0.0100744,-0.00715804,-0.00713248
302,146.783,0.0100744,-0.00715804,-0.00713248
303,144.816,0.0100744,-0.00715804,-0.00713248
304,146.699,0.0100744,-0.00715804,-0.00713248
305,144.126,0.0100744,-0.00715804,-0.00713248
306,144.272,0.0100744,-0.00715804,-0.00713248
307,144.216,0.0100744,-0.00715804,-0.00713248
308,144.917,0.0100744,-0.00715804,-0.00713248
309,147.283,0.0100744,-0.00715804,-0.00713248
310,144.264,0.0100744,-0.00715804,-0.00713248
311,145.299,0.0100744,-0.00715804,-0.00713248
312,145.188,0.0100744,-0.00715804,-0.00713248
313,147.186,0.0100744,-0.00715804,-0.00713248
314,147.256,0.0100744,-0.00715804,-0.00713248
315,144.741,0.0100744,-0.00715804,-0.00713248
316,145.027,0.0100744,-0.00715804,-0.00713248
317,145.588,0.0100744,-0.00715804,-0.00713248
318,146.758,0.0100744,-0.00715804,-0.00713248
319,144.903,0.0100744,-0.00715804,-0.00713248
320,147.441,0.0100744,-0.00715804,-0.00713248
321,146.241,0.0100744,-0.00715804,-0.00713248
322,145.808,0.0100744,-0.00715804,-0.00713248
323,144.631,0.0100744,-0.00715804,-0.00713248
324,144.847,0.0100744,-0.00715804,-0.00713248
325,147.103,0.0100744,-0.00715804,-0.00713248
326,145.387,0.0100744,-0.00715804,-0.00713248
327,146.883,0.0100744,-0.00715804,-0.00713248
328,146.817,0.0100744,-0.00715804,-0.00713248
329,145.267,0.0100744,-0.00715804,-0.00713248
330,145.514,0.0100744,-0.00715804,-0.00713248
331,145.69,0.0100744,-0.00715804,-0.00713248
332,146.045,0.0100744,-0.00715804,-0.00713248
333,144.809,0.0100744,-0.00715804,-0.00713248
334,146.423,0.0100744,-0.00715804,-0.00713248
335,145.254,0.0100744,-0.00715804,-0.00713248
336,144.844,0.0100744,-0.00715804,-0.00713248
337,146.608,0.0100744,-0.00715804,-0.00713248
338,145.381,0.0100744,-0.00715804,-0.00713248
339,145.676,0.0100744,-0.00715804,-0.00713248
340,146.394,0.0100744,-0.00715804,-0.00713248
341,145.556,0.0100744,-0.00715804,-0.00713248
342,146.897,0.0100744,-0.00715804,-0.00713248
343,144.102,0.0100744,-0.00715804,-0.00713248
344,145.249,0.0100744,-0.00715804,-0.00713248
345,146.656,0.0100744,-0.00715804,-0.00713248
346,144.752,0.0100744,-0.00715804,-0.00713248
347,146.193,0.0100744,-0.00715804,-0.00713248
348,144.758,0.0100744,-0.00715804,-0.00713248
349,147.432,0.0100744,-0.00715804,-0.00713248
350,147.018,0.0100744,-0.00715804,-0.00713248
351,144.703,0.0100744,-0.00715804,-0.00713248
352,146.176,0.0100744,-0.00715804,-0.00713248
353,145.334,0.0100744,-0.00715804,-0.00713248
354,145.246,0.0100744,-0.00715804,-0.00713248
355,146.943,0.0100744,-0.00715804,-0.00713248
356,144.945,0.0100744,-0.00715804,-0.00713248
357,146.552,0.0100744,-0.00715804,-0.00713248
358,146.331,0.0100744,-0.00715804,-0.00713248
359,144.276,0.0100744,-0.00715804,-0.00713248
360,144.336,0.0100744,-0.00715804,-0.00713248
361,144.364,0.0100744,-0.00715804,-0.00713248
362,145.877,0.0100744,-0.00715804,-0.00713248
363,146.293,0.0100744,-0.00715804,-0.00713248
364,145.083,0.0100744,-0.00715804,-0.00713248
365,144.815,0.0100744,-0.00715804,-0.00713248
366,147.475,0.0100744,-0.00715804,-0.00713248
367,145.843,0.0100744,-0.00715804,-0.00713248
368,147.345,0.0100744,-0.00715804,-0.00713248
369,145.359,0.0100744,-0.00715804,-0.00713248
370,147.447,0.0100744,-0.00715804,-0.00713248
371,146.242,0.0100744,-0.00715804,-0.00713248
372,146.837,0.0100744,-0.00715804,-0.00713248
373,146.847,0.0100744,-0.00715804,-0.00713248
374,146.254,0.0100744,-0.00715804,-0.00713248
375,144.598,0.0100744,-0.00715804,-0.00713248
376,146.009,0.0100744,-0.00715804,-0.00713248
377,146.926,0.0100744,-0.00715804,-0.00713248
378,146.708,0.0100744,-0.00715804,-0.00713248
379,146.686,0.0100744,-0.00715804,-0.00713248
380,146.86,0.0100744,-0.00715804,-0.00713248
381,146.23,0.0100744,-0.00715804,-0.00713248
382,147.309,0.0100744,-0.00715804,-0.00713248
383,145.544,0.0100744,-0.00715804,-0.00713248
384,147.492,0.0100744,-0.00715804,-0.00713248
385,145.06,0.0100744,-0.00715804,-0.00713248
386,144.997,0.0100744,-0.00715804,-0.00713248
387,144.939,0.0100744,-0.00715804,-0.00713248
388,144.13,0.0100744,-0.00715804,-0.00713248
389,147.252,0.0100744,-0.00715804,-0.00713248
390,145.126,0.0100744,-0.00715804,-0.00713248
391,144.376,0.0100744,-0.00715804,-0.00713248
392,144.123,0.0100744,-0.00715804,-0.00713248
393,146.925,0.0100744,-0.00715804,-0.00713248
394,146.583,0.0100744,-0.00715804,-0.00713248
395,145.117,0.0100744,-0.00715804,-0.00713248
396,144.253,0.0100744,-0.00715804,-0.00713248
397,146.56,0.0100744,-0.00715804,-0.00713248
398,146.881,0.0100744,-0.00715804,-0.00713248
399,144.104,0.0100744,-0.00715804,-0.00713248
400,144.435,0.0100744,-0.00715804,-0.00713248
401,146.831,0.0100744,-0.00715804,-0.00713248
402,146.256,0.0100744,-0.00715804,-0.00713248
403,147.188,0.0100744,-0.00715804,-0.00713248
404,146.184,0.0100744,-0.00715804,-0.00713248
405,145.023,0.0100744,-0.00715804,-0.00713248
406,144.295,0.0100744,-0.00715804,-0.00713248
407,144.709,0.0100744,-0.00715804,-0.00713248
408,144.461,0.0100744,-0.00715804,-0.00713248
409,146.916,0.0100744,-0.00715804,-0.00713248
410,147.315,0.0100744,-0.00715804,-0.00713248
411,147.237,0.0100744,-0.00715804,-0.00713248
412,145.654,0.0100744,-0.00715804,-0.00713248
413,147.127,0.0100744,-0.00715804,-0.00713248
414,145.287,0.0100744,-0.00715804,-0.00713248
415,145.648,0.0100744,-0.00715804,-0.00713248
416,144.696,0.0100744,-0.00715804,-0.00713248
417,146.201,0.0100744,-0.00715804,-0.00713248
418,146.506,0.0100744,-0.00715804,-0.00713248
419,144.736,0.0100744,-0.00715804,-0.00713248
420,145.958,0.0100744,-0.00715804,-0.00713248
421,144.15,0.0100744,-0.00715804,-0.00713248
422,145.023,0.0100744,-0.00715804,-0.00713248
423,145.992,0.0100744,-0.00715804,-0.00713248
424,146.986,0.0100744,-0.00715804,-0.00713248
425,144.124,0.0100744,-0.00715804,-0.00713248
426,147.031,0.0100744,-0.00715804,-0.00713248
427,147.153,0.0100744,-0.00715804,-0.00713248
428,146.594,0.0100744,-0.00715804,-0.00713248
429,146.417,0.0100744,-0.00715804,-0.00713248
430,147.167,0.0100744,-0.00715804,-0.00713248
431,146.945,0.0100744,-0.00715804,-0.00713248
432,145.756,0.0100744,-0.00715804,-0.00713248
433,145.928,0.0100744,-0.00715804,-0.00713248
434,146.636,0.0100744,-0.00715804,-0.00713248
435,144.458,0.0100744,-0.00715804,-0.00713248
436,146.873,0.0100744,-0.00715804,-0.00713248
437,146.844,0.0100744,-0.00715804,-0.00713248
438,145.078,0.0100744,-0.00715804,-0.00713248
439,147.25,0.0100744,-0.00715804,-0.00713248
440,146.265,0.0100744,-0.00715804,-0.00713248
441,144.898,0.0100744,-0.00715804,-0.00713248
442,146.99,0.0100744,-0.00715804,-0.00713248
443,144.437,0.0100744,-0.00715804,-0.00713248
444,144.535,0.0100744,-0.00715804,-0.00713248
445,144.787,0.0100744,-0.00715804,-0.00713248
446,145.998,0.0100744,-0.00715804,-0.00713248
447,145.142,0.0100744,-0.00715804,-0.00713248
448,146.908,0.0100744,-0.00715804,-0.00713248
449,145.017,0.0100744,-0.00715804,-0.00713248
450,145.793,0.0100744,-0.00715804,-0.00713248
451,145.375,0.0100744,-0.00715804,-0.00713248
452,145.077,0.0100744,-0.00715804,-0.00713248
453,146.736,0.0100744,-0.00715804,-0.00713248
454,147.293,0.0100744,-0.00715804,-0.00713248
455,144.574,0.0100744,-0.00715804,-0.00713248
456,146.77,0.0100744,-0.00715804,-0.00713248
457,146.828,0.0100744,-0.00715804,-0.00713248
458,144.236,0.0100744,-0.00715804,-0.00713248
459,145.871,0.0100744,-0.00715804,-0.00713248
460,145.752,0.0100744,-0.00715804,-0.00713248
461,147.315,0.0100744,-0.00715804,-0.00713248
462,145.324,0.0100744,-0.00715804,-0.00713248
463,147.437,0.0100744,-0.00715804,-0.00713248
464,145.747,0.0100744,-0.00715804,-0.00713248
465,144.476,0.0100744,-0.00715804,-0.00713248
466,144.398,0.0100744,-0.00715804,-0.00713248
467,145.13,0.0100744,-0.00715804,-0.00713248
468,147.237,0.0100744,-0.00715804,-0.00713248
469,145.387,0.0100744,-0.00715804,-0.00713248
470,144.886,0.0100744,-0.00715804,-0.00713248
471,146.007,0.0100744,-0.00715804,-0.00713248
472,146.203,0.0100744,-0.00715804,-0.00713248
473,144.388,0.0100744,-0.00715804,-0.00713248
474,146.358,0.0100744,-0.00715804,-0.00713248
475,146.653,0.0100744,-0.00715804,-0.00713248
476,145.086,0.0100744,-0.00715804,-0.00713248
477,144.87,0.0100744,-0.00715804,-0.00713248
478,144.312,0.0100744,-0.00715804,-0.00713248
479,144.506,0.0100744,-0.00715804,-0.00713248
480,145.801,0.0100744,-0.00715804,-0.00713248
481,146.017,0.0100744,-0.00715804,-0.00713248
482,145.795,0.0100744,-0.00715804,-0.00713248
483,146.799,0.0100744,-0.00715804,-0.00713248
484,145.263,0.0100744,-0.00715804,-0.00713248
485,145.593,0.0100744,-0.00715804,-0.00713248
486,147.292,0.0100744,-0.00715804,-0.00713248
487,144.547,0.0100744,-0.00715804,-0.00713248
488,144.931,0.0100744,-0.00715804,-0.00713248
489,147.441,0.0100744,-0.00715804,-0.00713248
490,146.333,0.0100744,-0.00715804,-0.00713248
491,146.603,0.0100744,-0.00715804,-0.00713248
492,147.258,0.0100744,-0.00715804,-0.00713248
493,144.177,0.0100744,-0.00715804,-0.00713248
494,146.543,0.0100744,-0.00715804,-0.00713248
495,145.511,0.0100744,-0.00715804,-0.00713248
496,144.563,0.0100744,-0.00715804,-0.00713248
497,146.856,0.0100744,-0.00715804,-0.00713248
498,146.561,0.0100744,-0.00715804,-0.00713248
499,144.308,0.0100744,-0.00715804,-0.00713248
500,144.755,0.0100744,-0.00715804,-0.00713248
501,147.37,0.0100744,-0.00715804,-0.00713248
502,146.228,0.0100744,-0.00715804,-0.00713248
503,146.877,0.0100744,-0.00715804,-0.00713248
504,144.263,0.0100744,-0.00715804,-0.00713248
505,145.098,0.0100744,-0.00715804,-0.00713248
506,146.036,0.0100744,-0.00715804,-0.00713248
507,145.26,0.0100744,-0.00715804,-0.00713248
508,145.883,0.0100744,-0.00715804,-0.00713248
509,146.26,0.0100744,-0.00715804,-0.00713248
510,145.68,0.0100744,-0.00715804,-0.00713248
511,144.205,0.0100744,-0.00715804,-0.00713248
512,144.792,0.0100744,-0.00715804,-0.00713248
513,147.403,0.0100744,-0.00715804,-0.00713248
514,146.916,0.0100744,-0.00715804,-0.00713248
515,145.97,0.0100744,-0.00715804,-0.00713248
516,145.499,0.0100744,-0.00715804,-0.00713248
517,146.712,0.0100744,-0.00715804,-0.00713248
518,146.432,0.0100744,-0.00715804,-0.00713248
519,146.348,0.0100744,-0.00715804,-0.00713248
520,146.655,0.0100744,-0.00715804,-0.00713248
521,145.276,0.0100744,-0.00715804,-0.00713248
522,145.461,0.0100744,-0.00715804,-0.00713248
523,146.417,0.0100744,-0.00715804,-0.00713248
524,145.363,0.0100744,-0.00715804,-0.00713248
525,144.519,0.0100744,-0.00715804,-0.00713248
526,144.445,0.0100744,-0.00715804,-0.00713248
527,145.84,0.0100744,-0.00715804,-0.00713248
528,147.292,0.0100744,-0.00715804,-0.00713248
529,146.922,0.0100744,-0.00715804,-0.00713248
530,146.06,0.0100744,-0.00715804,-0.00713248
531,144.553,0.0100744,-0.00715804,-0.00713248
532,146.795,0.0100744,-0.00715804,-0.00713248
533,144.803,0.0100744,-0.00715804,-0.00713248
534,147.349,0.0100744,-0.00715804,-0.00713248
535,146.971,0.0100744,-0.00715804,-0.00713248
536,145.815,0.0100744,-0.00715804,-0.00713248
537,145.889,0.0100744,-0.00715804,-0.00713248
538,144.742,0.0100744,-0.00715804,-0.00713248
539,144.219,0.0100744,-0.00715804,-0.00713248
540,144.665,0.0100744,-0.00715804,-0.00713248
541,146.338,0.0100744,-0.00715804,-0.00713248
542,144.334,0.0100744,-0.00715804,-0.00713248
543,145.369,0.0100744,-0.00715804,-0.00713248
544,146.244,0.0100744,-0.00715804,-0.00713248
545,147.165,0.0100744,-0.00715804,-0.00713248
546,147.265,0.0100744,-0.00715804,-0.00713248
547,144.262,0.0100744,-0.00715804,-0.00713248
548,146.381,0.0100744,-0.00715804,-0.00713248
549,146.201,0.0100744,-0.00715804,-0.00713248
550,146.523,0.0100744,-0.00715804,-0.00713248
551,145.544,0.0100744,-0.00715804,-0.00713248
552,147.404,0.0100744,-0.00715804,-0.00713248
553,144.499,0.0100744,-0.00715804,-0.00713248
554,144.478,0.0100744,-0.00715804,-0.00713248
555,145.272,0.0100744,-0.00715804,-0.00713248
556,144.929,0.0100744,-0.00715804,-0.00713248
557,144.834,0.0100744,-0.00715804,-0.00713248
558,147.036,0.0100744,-0.00715804,-0.00713248
559,144.727,0.0100744,-0.00715804,-0.00713248
560,144.268,0.0100744,-0.00715804,-0.00713248
561,145.603,0.0100744,-0.00715804,-0.00713248
562,145.192,0.0100744,-0.00715804,-0.00713248
563,146.976,0.0100744,-0.00715804,-0.00713248
564,146.323,0.0100744,-0.00715804,-0.00713248
565,145.046,0.0100744,-0.00715804,-0.00713248
566,146.452,0.0100744,-0.00715804,-0.00713248
567,144.654,0.0100744,-0.00715804,-0.00713248
568,146.856,0.0100744,-0.00715804,-0.00713248
569,147.113,0.0100744,-0.00715804,-0.00713248
570,144.783,0.0100744,-0.00715804,-0.00713248
571,147.442,0.0100744,-0.00715804,-0.00713248
572,145.957,0.0100744,-0.00715804,-0.00713248
573,145.028,0.0100744,-0.00715804,-0.00713248
574,145.314,0.0100744,-0.00715804,-0.00713248
575,144.716,0.0100744,-0.00715804,-0.00713248
576,144.7,0.0100744,-0.00715804,-0.00713248
577,145.085,0.0100744,-0.00715804,-0.00713248
578,144.889,0.0100744,-0.00715804,-0.00713248
579,147,0.0100744,-0.00715804,-0.00713248
580,147.21,0.0100744,-0.00715804,-0.00713248
581,147.334,0.0100744,-0.00715804,-0.00713248
582,145.054,0.0100744,-0.00715804,-0.00713248
583,147.117,0.0100744,-0.00715804,-0.00713248
584,144.339,0.0100744,-0.00715804,-0.00713248
585,145.444,0.0100744,-0.00715804,-0.00713248
586,144.897,0.0100744,-0.00715804,-0.00713248
587,145.18,0.0100744,-0.00715804,-0.00713248
588,146.195,0.0100744,-0.00715804,-0.00713248
589,144.443,0.0100744,-0.00715804,-0.00713248
590,145.821,0.0100744,-0.00715804,-0.00713248
591,146.375,0.0100744,-0.00715804,-0.00713248
592,145.959,0.0100744,-0.00715804,-0.00713248
593,146.937,0.0100744,-0.00715804,-0.00713248
594,145.858,0.0100744,-0.00715804,-0.00713248
595,144.797,0.0100744,-0.00715804,-0.00713248
596,144.494,0.0100744,-0.00715804,-0.00713248
597,144.823,0.0100744,-0.00715804,-0.00713248
598,145.363,0.0100744,-0.00715804,-0.00713248
599,147.268,0.0100744,-0.00715804,-0.00713248
600,144.446,0.0100744,-0.00715804,-0.00713248
601,146.062,0.0100744,-0.00715804,-0.00713248
602,147.212,0.0100744,-0.00715804,-0.00713248
603,146.317,0.0100744,-0.00715804,-0.00713248
604,147.012,0.0100744,-0.00715804,-0.00713248
605,145.032,0.0100744,-0.00715804,-0.00713248
606,146.952,0.0100744,-0.00715804,-0.00713248
607,144.224,0.0100744,-0.00715804,-0.00713248
608,146.033,0.0100744,-0.00715804,-0.00713248
609,144.353,0.0100744,-0.00715804,-0.00713248
610,147.136,0.0100744,-0.00715804,-0.00713248
611,145.748,0.0100744,-0.00715804,-0.00713248
612,144.193,0.0100744,-0.00715804,-0.00713248
613,144.698,0.0100744,-0.00715804,-0.00713248
614,145.372,0.0100744,-0.00715804,-0.00713248
615,144.443,0.0100744,-0.00715804,-0.00713248
616,146.057,0.0100744,-0.00715804,-0.00713248
617,146.186,0.0100744,-0.00715804,-0.00713248
618,145.534,0.0100744,-0.00715804,-0.00713248
619,144.767,0.0100744,-0.00715804,-0.00713248
620,146.544,0.0100744,-0.00715804,-0.00713248
621,147.283,0.0100744,-0.00715804,-0.00713248
622,147.063,0.0100744,-0.00715804,-0.00713248
623,145.016,0.0100744,-0.00715804,-0.00713248
624,146.723,0.0100744,-0.00715804,-0.00713248
625,145.428,0.0100744,-0.00715804,-0.00713248
626,145.727,0.0100744,-0.00715804,-0.00713248
627,147.134,0.0100744,-0.00715804,-0.00713248
628,146.168,0.0100744,-0.00715804,-0.00713248
629,147.014,0.0100744,-0.00715804,-0.00713248
630,146.905,0.0100744,-0.00715804,-0.00713248
631,146.529,0.0100744,-0.00715804,-0.00713248
632,145.583,0.0100744,-0.00715804,-0.00713248
633,146.621,0.0100744,-0.00715804,-0.00713248
634,145.356,0.0100744,-0.00715804,-0.00713248
635,145.103,0.0100744,-0.00715804,-0.00713248
636,144.17,0.0100744,-0.00715804,-0.00713248
637,144.818,0.0100744,-0.00715804,-0.00713248
638,145.238,0.0100744,-0.00715804,-0.00713248
639,146.114,0.0100744,-0.00715804,-0.00713248
640,145.082,0.0100744,-0.00715804,-0.00713248
641,144.882,0.0100744,-0.00715804,-0.00713248
642,144.381,0.0100744,-0.00715804,-0.00713248
643,145.186,0.0100744,-0.00715804,-0.00713248
644,145.493,0.0100744,-0.00715804,-0.00713248
645,145.666,0.0100744,-0.00715804,-0.00713248
646,145.541,0.0100744,-0.00715804,-0.00713248
647,147.479,0.0100744,-0.00715804,-0.00713248
648,144.37,0.0100744,-0.00715804,-0.00713248
649,146.999,0.0100744,-0.00715804,-0.00713248
650,144.749,0.0100744,-0.00715804,-0.00713248
651,146.829,0.0100744,-0.00715804,-0.00713248
652,146.785,0.0100744,-0.00715804,-0.00713248
653,144.322,0.0100744,-0.00715804,-0.00713248
654,144.358,0.0100744,-0.00715804,-0.00713248
655,146.014,0.0100744,-0.00715804,-0.00713248
656,145.662,0.0100744,-0.00715804,-0.00713248
657,145.998,0.0100744,-0.00715804,-0.00713248
658,145.654,0.0100744,-0.00715804,-0.00713248
659,144.349,0.0100744,-0.00715804,-0.00713248
660,145.519,0.0100744,-0.00715804,-0.00713248
661,145.07,0.0100744,-0.00715804,-0.00713248
662,146.791,0.0100744,-0.00715804,-0.00713248
663,147.026,0.0100744,-0.00715804,-0.00713248
664,144.207,0.0100744,-0.00715804,-0.00713248
665,144.66,0.0100744,-0.00715804,-0.00713248
666,144.64,0.0100744,-0.00715804,-0.00713248
667,144.287,0.0100744,-0.00715804,-0.00713248
668,145.391,0.0100744,-0.00715804,-0.00713248
669,145.792,0.0100744,-0.00715804,-0.00713248
670,146.314,0.0100744,-0.00715804,-0.00713248
671,146.391,0.0100744,-0.00715804,-0.00713248
672,146.592,0.0100744,-0.00715804,-0.00713248
673,146.609,0.0100744,-0.00715804,-0.00713248
674,144.097,0.0100744,-0.00715804,-0.00713248
675,144.6,0.0100744,-0.00715804,-0.00713248
676,144.788,0.0100744,-0.00715804,-0.00713248
677,145.547,0.0100744,-0.00715804,-0.00713248
678,144.582,0.0100744,-0.00715804,-0.00713248
679,145.069,0.0100744,-0.00715804,-0.00713248
680,145.055,0.0100744,-0.00715804,-0.00713248
681,145.243,0.0100744,-0.00715804,-0.00713248
682,144.411,0.0100744,-0.00715804,-0.00713248
683,144.355,0.0100744,-0.00715804,-0.00713248
684,145.477,0.0100744,-0.00715804,-0.00713248
685,144.679,0.0100744,-0.00715804,-0.00713248
686,146.282,0.0100744,-0.00715804,-0.00713248
687,147.063,0.0100744,-0.00715804,-0.00713248
688,146.594,0.0100744,-0.00715804,-0.00713248
689,144.454,0.0100744,-0.00715804,-0.00713248
690,147.327,0.0100744,-0.00715804,-0.00713248
691,144.627,0.0100744,-0.00715804,-0.00713248
692,145.435,0.0100744,-0.00715804,-0.00713248
693,146.621,0.0100744,-0.00715804,-0.00713248
694,144.165,0.0100744,-0.00715804,-0.00713248
695,145.553,0.0100744,-0.00715804,-0.00713248
696,147.201,0.0100744,-0.00715804,-0.00713248
697,144.715,0.0100744,-0.00715804,-0.00713248
698,145.752,0.0100744,-0.00715804,-0.00713248
699,145.098,0.0100744,-0.00715804,-0.00713248
700,146.424,0.0100744,-0.00715804,-0.00713248
701,144.582,0.0100744,-0.00715804,-0.00713248
702,147.415,0.0100744,-0.00715804,-0.00713248
703,145.525,0.0100744,-0.00715804,-0.00713248
704,147.109,0.0100744,-0.00715804,-0.00713248
705,147.422,0.0100744,-0.00715804,-0.00713248
706,146.04,0.0100744,-0.00715804,-0.00713248
707,144.406,0.0100744,-0.00715804,-0.00713248
708,145.472,0.0100744,-0.00715804,-0.00713248
709,146.538,0.0100744,-0.00715804,-0.00713248
710,145.387,0.0100744,-0.00715804,-0.00713248
711,146.446,0.0100744,-0.00715804,-0.00713248
712,144.297,0.0100744,-0.00715804,-0.00713248
713,145.711,0.0100744,-0.00715804,-0.00713248
714,146.715,0.0100744,-0.00715804,-0.00713248
715,145.685,0.0100744,-0.00715804,-0.00713248
716,146.306,0.0100744,-0.00715804,-0.00713248
717,145.506,0.0100744,-0.00715804,-0.00713248
718,145.257,0.0100744,-0.00715804,-0.00713248
719,145.41,0.0100744,-0.00715804,-0.00713248
720,145.872,0.0100744,-0.00715804,-0.00713248
721,145.088,0.0100744,-0.00715804,-0.00713248
722,145.952,0.0100744,-0.00715804,-0.00713248
723,147.234,0.0100744,-0.00715804,-0.00713248
724,144.227,0.0100744,-0.00715804,-0.00713248
725,146.028,0.0100744,-0.00715804,-0.00713248
726,145.293,0.0100744,-0.00715804,-0.00713248
727,147.34,0.0100744,-0.00715804,-0.00713248
728,146.661,0.0100744,-0.00715804,-0.00713248
729,146.969,0.0100744,-0.00715804,-0.00713248
730,144.943,0.0100744,-0.00715804,-0.00713248
731,145.593,0.0100744,-0.00715804,-0.00713248
732,147.471,0.0100744,-0.00715804,-0.00713248
733,144.862,0.0100744,-0.00715804,-0.00713248
734,147.043,0.0100744,-0.00715804,-0.00713248
735,147.083,0.0100744,-0.00715804,-0.00713248
736,144.787,0.0100744,-0.00715804,-0.00713248
737,145.589,0.0100744,-0.00715804,-0.00713248
738,147.406,0.0100744,-0.00715804,-0.00713248
739,146.176,0.0100744,-0.00715804,-0.00713248
740,144.642,0.0100744,-0.00715804,-0.00713248
741,145.297,0.0100744,-0.00715804,-0.00713248
742,145.134,0.0100744,-0.00715804,-0.00713248
743,144.85,0.0100744,-0.00715804,-0.00713248
744,146.93,0.0100744,-0.00715804,-0.00713248
745,144.364,0.0100744,-0.00715804,-0.00713248
746,146.453,0.0100744,-0.00715804,-0.00713248
747,145.743,0.0100744,-0.00715804,-0.00713248
748,145.782,0.0100744,-0.00715804,-0.00713248
749,144.228,0.0100744,-0.00715804,-0.00713248
750,147.078,0.0100744,-0.00715804,-0.00713248
751,144.176,0.0100744,-0.00715804,-0.00713248
752,145.227,0.0100744,-0.00715804,-0.00713248
753,145.536,0.0100744,-0.00715804,-0.00713248
754,147.321,0.0100744,-0.00715804,-0.00713248
755,145.364,0.0100744,-0.00715804,-0.00713248
756,147.493,0.0100744,-0.00715804,-0.00713248
757,145.12,0.0100744,-0.00715804,-0.00713248
758,145.209,0.0100744,-0.00715804,-0.00713248
759,146.656,0.0100744,-0.00715804,-0.00713248
760,144.6,0.0100744,-0.00715804,-0.00713248
761,146.068,0.0100744,-0.00715804,-0.00713248
762,144.763,0.0100744,-0.00715804,-0.00713248
763,144.574,0.0100744,-0.00715804,-0.00713248
764,146.85,0.0100744,-0.00715804,-0.00713248
765,144.316,0.0100744,-0.00715804,-0.00713248
766,144.168,0.0100744,-0.00715804,-0.00713248
767,144.152,0.0100744,-0.00715804,-0.00713248
768,145.818,0.0100744,-0.00715804,-0.00713248
769,147.485,0.0100744,-0.00715804,-0.00713248
770,146.238,0.0100744,-0.00715804,-0.00713248
771,146.376,0.0100744,-0.00715804,-0.00713248
772,145.284,0.0100744,-0.00715804,-0.00713248
773,147.297,0.0100744,-0.00715804,-0.00713248
774,147.147,0.0100744,-0.00715804,-0.00713248
775,144.726,0.0100744,-0.00715804,-0.00713248
776,144.168,0.0100744,-0.00715804,-0.00713248
777,146.105,0.0100744,-0.00715804,-0.00713248
778,146.386,0.0100744,-0.00715804,-0.00713248
779,145.861,0.0100744,-0.00715804,-0.00713248
780,146.245,0.0100744,-0.00715804,-0.00713248
781,145.969,0.0100744,-0.00715804,-0.00713248
782,145.947,0.0100744,-0.00715804,-0.00713248
783,147.399,0.0100744,-0.00715804,-0.00713248
784,147.433,0.0100744,-0.00715804,-0.00713248
785,145.773,0.0100744,-0.00715804,-0.00713248
786,145.267,0.0100744,-0.00715804,-0.00713248
787,147.428,0.0100744,-0.00715804,-0.00713248
788,146.814,0.0100744,-0.00715804,-0.00713248
789,146.394,0.0100744,-0.00715804,-0.00713248
790,146.587,0.0100744,-0.00715804,-0.00713248
791,147.334,0.0100744,-0.00715804,-0.00713248
792,144.976,0.0100744,-0.00715804,-0.00713248
793,147.271,0.0100744,-0.00715804,-0.00713248
794,144.414,0.0100744,-0.00715804,-0.00713248
795,144.339,0.0100744,-0.00715804,-0.00713248
796,144.095,0.0100744,-0.00715804,-0.00713248
797,144.492,0.0100744,-0.00715804,-0.00713248
798,144.4,0.0100744,-0.00715804,-0.00713248
799,145.822,0.0100744,-0.00715804,-0.00713248
800,144.479,0.0100744,-0.00715804,-0.00713248
801,146.553,0.0100744,-0.00715804,-0.00713248
802,144.713,0.0100744,-0.00715804,-0.00713248
803,145.677,0.0100744,-0.00715804,-0.00713248
804,146.354,0.0100744,-0.00715804,-0.00713248
805,144.37,0.0100744,-0.00715804,-0.00713248
806,146.319,0.0100744,-0.00715804,-0.00713248
807,146.433,0.0100744,-0.00715804,-0.00713248
808,146.388,0.0100744,-0.00715804,-0.00713248
809,145.216,0.0100744,-0.00715804,-0.00713248
810,144.808,0.0100744,-0.00715804,-0.00713248
811,145.145,0.0100744,-0.00715804,-0.00713248
812,147.109,0.0100744,-0.00715804,-0.00713248
813,146.674,0.0100744,-0.00715804,-0.00713248
814,145.048,0.0100744,-0.00715804,-0.00713248
815,147.045,0.0100744,-0.00715804,-0.00713248
816,144.958,0.0100744,-0.00715804,-0.00713248
817,146.232,0.0100744,-0.00715804,-0.00713248
818,146.976,0.0100744,-0.00715804,-0.00713248
819,144.287,0.0100744,-0.00715804,-0.00713248
820,145.138,0.0100744,-0.00715804,-0.00713248
821,146.069,0.0100744,-0.00715804,-0.00713248
822,144.126,0.0100744,-0.00715804,-0.00713248
823,146.03,0.0100744,-0.00715804,-0.00713248
824,145.845,0.0100744,-0.00715804,-0.00713248
825,144.45,0.0100744,-0.00715804,-0.00713248
826,146.282,0.0100744,-0.00715804,-0.00713248
827,145.849,0.0100744,-0.00715804,-0.00713248
828,144.852,0.0100744,-0.00715804,-0.00713248
829,146.597,0.0100744,-0.00715804,-0.00713248
830,144.193,0.0100744,-0.00715804,-0.00713248
831,145.243,0.0100744,-0.00715804,-0.00713248
832,145.658,0.0100744,-0.00715804,-0.00713248
833,144.816,0.0100744,-0.00715804,-0.00713248
834,146.842,0.0100744,-0.00715804,-0.00713248
835,144.528,0.0100744,-0.00715804,-0.00713248
836,145.097,0.0100744,-0.00715804,-0.00713248
837,145.668,0.0100744,-0.00715804,-0.00713248
838,146.878,0.0100744,-0.00715804,-0.00713248
839,147.411,0.0100744,-0.00715804,-0.00713248
840,146.806,0.0100744,-0.00715804,-0.00713248
841,144.199,0.0100744,-0.00715804,-0.00713248
842,145.06,0.0100744,-0.00715804,-0.00713248
843,146.419,0.0100744,-0.00715804,-0.00713248
844,146.785,0.0100744,-0.00715804,-0.00713248
845,146.023,0.0100744,-0.00715804,-0.00713248
846,145.97,0.0100744,-0.00715804,-0.00713248
847,144.258,0.0100744,-0.00715804,-0.00713248
848,144.77,0.0100744,-0.00715804,-0.00713248
849,145.453,0.0100744,-0.00715804,-0.00713248
850,144.454,0.0100744,-0.00715804,-0.00713248
851,145.823,0.0100744,-0.00715804,-0.00713248
852,147.451,0.0100744,-0.00715804,-0.00713248
853,144.49,0.0100744,-0.00715804,-0.00713248
854,144.372,0.0100744,-0.00715804,-0.00713248
855,145.798,0.0100744,-0.00715804,-0.00713248
856,144.85,0.0100744,-0.00715804,-0.00713248
857,146.568,0.0100744,-0.00715804,-0.00713248
858,144.169,0.0100744,-0.00715804,-0.00713248
859,145.616,0.0100744,-0.00715804,-0.00713248
860,145.673,0.0100744,-0.00715804,-0.00713248
861,144.271,0.0100744,-0.00715804,-0.00713248
862,146.781,0.0100744,-0.00715804,-0.00713248
863,147.258,0.0100744,-0.00715804,-0.00713248
864,144.998,0.0100744,-0.00715804,-0.00713248
865,146.128,0.0100744,-0.00715804,-0.00713248
866,144.293,0.0100744,-0.00715804,-0.00713248
867,146.011,0.0100744,-0.00715804,-0.00713248
868,144.316,0.0100744,-0.00715804,-0.00713248
869,147.085,0.0100744,-0.00715804,-0.00713248
870,145.925,0.0100744,-0.00715804,-0.00713248
871,147.035,0.0100744,-0.00715804,-0.00713248
872,147.196,0.0100744,-0.00715804,-0.00713248
873,146.906,0.0100744,-0.00715804,-0.00713248
874,145.96,0.0100744,-0.00715804,-0.00713248
875,146.485,0.0100744,-0.00715804,-0.00713248
876,145.438,0.0100744,-0.00715804,-0.00713248
877,144.448,0.0100744,-0.00715804,-0.00713248
878,146.655,0.0100744,-0.00715804,-0.00713248
879,146.124,0.0100744,-0.00715804,-0.00713248
880,145.814,0.0100744,-0.00715804,-0.00713248
881,147.025,0.0100744,-0.00715804,-0.00713248
882,144.465,0.0100744,-0.00715804,-0.00713248
883,145.768,0.0100744,-0.00715804,-0.00713248
884,147.433,0.0100744,-0.00715804,-0.00713248
885,144.748,0.0100744,-0.00715804,-0.00713248
886,147.496,0.0100744,-0.00715804,-0.00713248
887,144.787,0.0100744,-0.00715804,-0.00713248
888,147.237,0.0100744,-0.00715804,-0.00713248
889,144.167,0.0100744,-0.00715804,-0.00713248
890,146.32,0.0100744,-0.00715804,-0.00713248
891,145.415,0.0100744,-0.00715804,-0.00713248
892,144.349,0.0100744,-0.00715804,-0.00713248
893,145.608,0.0100744,-0.00715804,-0.00713248
894,145.179,0.0100744,-0.00715804,-0.00713248
895,145.258,0.0100744,-0.00715804,-0.00713248
896,144.256,0.0100744,-0.00715804,-0.00713248
897,145.383,0.0100744,-0.00715804,-0.00713248
898,147.194,0.0100744,-0.00715804,-0.00713248
899,144.482,0.0100744,-0.00715804,-0.00713248
900,144.976,0.0100744,-0.00715804,-0.00713248
901,145.624,0.0100744,-0.00715804,-0.00713248
902,147.435,0.0100744,-0.00715804,-0.00713248
903,144.68,0.0100744,-0.00715804,-0.00713248
904,145.04,0.0100744,-0.00715804,-0.00713248
905,145.898,0.0100744,-0.00715804,-0.00713248
906,147.084,0.0100744,-0.00715804,-0.00713248
907,146.396,0.0100744,-0.00715804,-0.00713248
908,146.26,0.0100744,-0.00715804,-0.00713248
909,146.243,0.0100744,-0.00715804,-0.00713248
910,145.033,0.0100744,-0.00715804,-0.00713248
911,144.591,0.0100744,-0.00715804,-0.00713248
912,145.775,0.0100744,-0.00715804,-0.00713248
913,145.411,0.0100744,-0.00715804,-0.00713248
914,146.275,0.0100744,-0.00715804,-0.00713248
915,145.711,0.0100744,-0.00715804,-0.00713248
916,146.074,0.0100744,-0.00715804,-0.00713248
917,146.273,0.0100744,-0.00715804,-0.00713248
918,146.415,0.0100744,-0.00715804,-0.00713248
919,145.815,0.0100744,-0.00715804,-0.00713248
920,146.351,0.0100744,-0.00715804,-0.00713248
921,145.246,0.0100744,-0.00715804,-0.00713248
922,147.156,0.0100744,-0.00715804,-0.00713248
923,146.613,0.0100744,-0.00715804,-0.00713248
924,146.776,0.0100744,-0.00715804,-0.00713248
925,144.843,0.0100744,-0.00715804,-0.00713248
926,144.387,0.0100744,-0.00715804,-0.00713248
927,146.945,0.0100744,-0.00715804,-0.00713248
928,146.142,0.0100744,-0.00715804,-0.00713248
929,147.497,0.0100744,-0.00715804,-0.00713248
930,147.344,0.0100744,-0.00715804,-0.00713248
931,147.041,0.0100744,-0.00715804,-0.00713248
932,145.623,0.0100744,-0.00715804,-0.00713248
933,147.281,0.0100744,-0.00715804,-0.00713248
934,144.232,0.0100744,-0.00715804,-0.00713248
935,146.583,0.0100744,-0.00715804,-0.00713248
936,145.684,0.0100744,-0.00715804,-0.00713248
937,147.228,0.0100744,-0.00715804,-0.00713248
938,145.488,0.0100744,-0.00715804,-0.00713248
939,144.461,0.0100744,-0.00715804,-0.00713248
940,145.976,0.0100744,-0.00715804,-0.00713248
941,146.44,0.0100744,-0.00715804,-0.00713248
942,144.963,0.0100744,-0.00715804,-0.00713248
943,144.271,0.0100744,-0.00715804,-0.00713248
944,144.368,0.0100744,-0.00715804,-0.00713248
945,147.161,0.0100744,-0.00715804,-0.00713248
946,145.893,0.0100744,-0.00715804,-0.00713248
947,146.356,0.0100744,-0.00715804,-0.00713248
948,145.939,0.0100744,-0.00715804,-0.00713248
949,144.822,0.0100744,-0.00715804,-0.00713248
950,144.687,0.0100744,-0.00715804,-0.00713248
951,144.805,0.0100744,-0.00715804,-0.00713248
952,145.983,0.0100744,-0.00715804,-0.00713248
953,144.352,0.0100744,-0.00715804,-0.00713248
954,147.34,0.0100744,-0.00715804,-0.00713248
955,145.269,0.0100744,-0.00715804,-0.00713248
956,145.105,0.0100744,-0.00715804,-0.00713248
957,144.233,0.0100744,-0.00715804,-0.00713248
958,144.725,0.0100744,-0.00715804,-0.00713248
959,147.172,0.0100744,-0.00715804,-0.00713248
960,144.232,0.0100744,-0.00715804,-0.00713248
961,144.574,0.0100744,-0.00715804,-0.00713248
962,146.716,0.0100744,-0.00715804,-0.00713248
963,145.766,0.0100744,-0.00715804,-0.00713248
964,144.362,0.0100744,-0.00715804,-0.00713248
965,146.86,0.0100744,-0.00715804,-0.00713248
966,144.862,0.0100744,-0.00715804,-0.00713248
967,145.958,0.0100744,-0.00715804,-0.00713248
968,146.592,0.0100744,-0.00715804,-0.00713248
969,146.267,0.0100744,-0.00715804,-0.00713248
970,146.334,0.0100744,-0.00715804,-0.00713248
971,145.08,0.0100744,-0.00715804,-0.00713248
972,145.219,0.0100744,-0.00715804,-0.00713248
973,147.221,0.0100744,-0.00715804,-0.00713248
974,145.262,0.0100744,-0.00715804,-0.00713248
975,145.499,0.0100744,-0.00715804,-0.00713248
976,146.884,0.0100744,-0.00715804,-0.00713248
977,147.079,0.0100744,-0.00715804,-0.00713248
978,144.372,0.0100744,-0.00715804,-0.00713248
979,145.332,0.0100744,-0.00715804,-0.00713248
980,144.412,0.0100744,-0.00715804,-0.00713248
981,144.97,0.0100744,-0.00715804,-0.00713248
982,146.053,0.0100744,-0.00715804,-0.00713248
983,146.309,0.0100744,-0.00715804,-0.00713248
984,145.233,0.0100744,-0.00715804,-0.00713248
985,145.897,0.0100744,-0.00715804,-0.00713248
986,144.098,0.0100744,-0.00715804,-0.00713248
987,146.255,0.0100744,-0.00715804,-0.00713248
988,146.041,0.0100744,-0.00715804,-0.00713248
989,144.733,0.0100744,-0.00715804,-0.00713248
990,145.932,0.0100744,-0.00715804,-0.00713248
991,146.184,0.0100744,-0.00715804,-0.00713248
992,145.219,0.0100744,-0.00715804,-0.00713248
993,145.159,0.0100744,-0.00715804,-0.00713248
994,144.467,0.0100744,-0.00715804,-0.00713248
995,145.493,0.0100744,-0.00715804,-0.00713248
996,144.531,0.0100744,-0.00715804,-0.00713248
997,145.241,0.0100744,-0.00715804,-0.00713248
998,147.379,0.0100744,-0.00715804,-0.00713248
999,147.04,0.0100744,-0.00715804,-0.00713248
1000,147.434,0.0100744,-0.00715804,-0.00713248
